sequence,relation_identifier,source_node_identifier,target_node_identifier,relation_type,classification_basis
1,EDI-REL-001,BART-ARC-012,EDI-PC-001,defines,ARCHSPEC-0004 responsibility-module registry.
2,EDI-REL-002,BART-ARC-012,EDI-PC-002,defines,ARCHSPEC-0004 responsibility-module registry.
3,EDI-REL-003,BART-ARC-012,EDI-PC-003,defines,ARCHSPEC-0004 responsibility-module registry.
4,EDI-REL-004,BART-ARC-012,EDI-PC-004,defines,ARCHSPEC-0004 responsibility-module registry.
5,EDI-REL-005,BART-ARC-012,EDI-PC-005,defines,ARCHSPEC-0004 responsibility-module registry.
6,EDI-REL-006,BART-ARC-012,EDI-PC-006,defines,ARCHSPEC-0004 responsibility-module registry.
7,EDI-REL-007,BART-ARC-012,EDI-PC-007,defines,ARCHSPEC-0004 responsibility-module registry.
8,EDI-REL-008,BART-ARC-012,EDI-PC-008,defines,ARCHSPEC-0004 responsibility-module registry.
9,EDI-REL-009,BART-ARC-012,EDI-PC-009,defines,ARCHSPEC-0004 responsibility-module registry.
10,EDI-REL-010,BART-ARC-012,EDI-PC-010,defines,ARCHSPEC-0004 responsibility-module registry.
11,EDI-REL-011,BART-ARC-012,EDI-PC-011,defines,ARCHSPEC-0004 responsibility-module registry.
12,EDI-REL-012,BART-ARC-012,EDI-PC-012,defines,ARCHSPEC-0004 runtime-composition registry.
13,EDI-REL-013,BART-ARC-012,EDI-PC-013,defines,ARCHSPEC-0004 runtime-composition registry.
14,EDI-REL-014,BART-ARC-012,EDI-PC-014,defines,ARCHSPEC-0004 runtime-composition registry.
15,EDI-REL-015,BART-ARC-012,EDI-PC-015,defines,ARCHSPEC-0004 runtime-composition registry.
16,EDI-REL-016,BART-ARC-012,EDI-PC-016,defines,ARCHSPEC-0004 runtime-composition registry.
17,EDI-REL-017,EDI-PC-004,EDI-PC-014,depends-on,Content Cooker depends on Runtime Package.
18,EDI-REL-018,EDI-PC-004,EDI-PC-005,depends-on,Content Admission depends on Runtime Package.
19,EDI-REL-019,EDI-PC-005,EDI-PC-001,depends-on,Simulation depends on Content Admission.
20,EDI-REL-020,EDI-PC-006,EDI-PC-009,depends-on,Prediction depends on Protocol and Replication.
21,EDI-REL-021,EDI-PC-009,EDI-PC-010,depends-on,Presentation depends on Prediction.
22,EDI-REL-022,EDI-PC-006,EDI-PC-011,depends-on,Input and Interaction depends on Protocol and Replication.
23,EDI-REL-023,BART-ARC-018,EDI-VIEW-001,defines,ARCHSPEC-0010 selected view set.
24,EDI-REL-024,BART-ARC-018,EDI-VIEW-002,defines,ARCHSPEC-0010 selected view set.
25,EDI-REL-025,BART-ARC-018,EDI-VIEW-003,defines,ARCHSPEC-0010 selected view set.
26,EDI-REL-026,BART-ARC-018,EDI-VIEW-004,defines,ARCHSPEC-0010 selected view set.
27,EDI-REL-027,BART-ARC-018,EDI-VIEW-005,defines,ARCHSPEC-0010 selected view set.
28,EDI-REL-028,BART-ARC-018,EDI-VIEW-006,defines,ARCHSPEC-0010 selected view set.
29,EDI-REL-029,BART-ARC-018,EDI-VIEW-007,defines,ARCHSPEC-0010 selected view set.
30,EDI-REL-030,BART-ARC-018,EDI-VIEW-008,defines,ARCHSPEC-0010 selected view set.
31,EDI-REL-031,BART-ARC-018,EDI-VIEW-009,defines,ARCHSPEC-0010 selected view set.
32,EDI-REL-032,BART-VER-018,BART-VER-022,input-to,Evidence Dependency control is a validator input.
33,EDI-REL-033,BART-VER-019,BART-VER-022,input-to,Supplemental node register is a validator input.
34,EDI-REL-034,BART-VER-020,BART-VER-022,input-to,Supplemental relation register is a validator input.
35,EDI-REL-035,BART-VER-021,BART-VER-022,input-to,Impact-case register is a validator input.
36,EDI-REL-036,BART-VER-008,BART-VER-022,input-to,Baseline Artifact register is a validator input.
37,EDI-REL-037,BART-VER-006,BART-VER-022,input-to,Architecture Claim trace register is a validator input.
38,EDI-REL-038,BART-VER-010,BART-VER-022,input-to,Baseline Applicability register is a validator input.
39,EDI-REL-039,EDI-ENV-001,BART-VER-022,input-to,Exact repository validation environment is a validator dependency.
40,EDI-REL-040,BART-VER-018,EDI-VIEW-008,maps-to,Evidence Dependency control participates in the verification and traceability view.
41,EDI-REL-041,PROCESS-EVIDENCE-DEPENDENCY-003,BART-VER-022,verified-by,Structural validator verifies category reconciliation.
42,EDI-REL-042,PROCESS-EVIDENCE-DEPENDENCY-005,BART-VER-022,verified-by,Structural validator exercises conservative uncertainty.
43,EDI-REL-043,PROCESS-EVIDENCE-DEPENDENCY-009,BART-VER-022,verified-by,Structural validator rejects pending unregistered outputs.
44,EDI-REL-044,BART-VER-022,EDI-EVID-001,produces,Validator produces the pre-registered structural result.
45,EDI-REL-045,BART-VER-022,EDI-EVID-002,produces,Validator produces the pre-registered impact-case result.
46,EDI-REL-046,BART-VER-018,EDI-PROC-001,input-to,Standards review consumes the inventory control and fixed diff.
47,EDI-REL-047,BART-VER-018,EDI-PROC-002,input-to,Spec review consumes the inventory control and fixed diff.
48,EDI-REL-048,EDI-PROC-001,EDI-EVID-003,produces,Standards review produces its pre-registered result.
49,EDI-REL-049,EDI-PROC-002,EDI-EVID-004,produces,Spec review produces its pre-registered result.
50,EDI-REL-050,EDI-EVID-001,EDI-PROC-003,supports-approval,Structural validation supports exact-version approval.
51,EDI-REL-051,EDI-EVID-002,EDI-PROC-003,supports-approval,Impact-case validation supports exact-version approval.
52,EDI-REL-052,EDI-EVID-003,EDI-PROC-003,supports-approval,Standards review supports exact-version approval.
53,EDI-REL-053,EDI-EVID-004,EDI-PROC-003,supports-approval,Spec review supports exact-version approval.
54,EDI-REL-054,EDI-PROC-003,EDI-EVID-005,produces,Project owner produces the pre-registered exact-version approval result.
55,EDI-REL-055,EDI-PC-007,EDI-PC-001,depends-on,Simulation emits through the Observability interface.
56,EDI-REL-056,EDI-PC-007,EDI-PC-002,depends-on,Session Lifecycle emits through the Observability interface.
57,EDI-REL-057,EDI-PC-007,EDI-PC-003,depends-on,AUTH and Admission emits through the Observability interface.
58,EDI-REL-058,EDI-PC-007,EDI-PC-004,depends-on,Runtime Package emits through the Observability interface.
59,EDI-REL-059,EDI-PC-007,EDI-PC-005,depends-on,Content Admission emits through the Observability interface.
60,EDI-REL-060,EDI-PC-007,EDI-PC-006,depends-on,Protocol and Replication emits through the Observability interface.
61,EDI-REL-061,EDI-PC-007,EDI-PC-008,depends-on,Trainee Performance Assessment emits through the Observability interface.
62,EDI-REL-062,EDI-PC-007,EDI-PC-009,depends-on,Prediction emits through the Observability interface.
63,EDI-REL-063,EDI-PC-007,EDI-PC-010,depends-on,Presentation emits through the Observability interface.
64,EDI-REL-064,EDI-PC-007,EDI-PC-011,depends-on,Input and Interaction emits through the Observability interface.
65,EDI-REL-065,EDI-PC-001,EDI-PC-012,depends-on,Session Authority Runtime composes Simulation.
66,EDI-REL-066,EDI-PC-002,EDI-PC-012,depends-on,Session Authority Runtime composes Session Lifecycle.
67,EDI-REL-067,EDI-PC-003,EDI-PC-012,depends-on,Session Authority Runtime composes AUTH and Admission.
68,EDI-REL-068,EDI-PC-004,EDI-PC-012,depends-on,Session Authority Runtime composes Runtime Package.
69,EDI-REL-069,EDI-PC-005,EDI-PC-012,depends-on,Session Authority Runtime composes Content Admission.
70,EDI-REL-070,EDI-PC-006,EDI-PC-012,depends-on,Session Authority Runtime composes Protocol and Replication.
71,EDI-REL-071,EDI-PC-007,EDI-PC-012,depends-on,Session Authority Runtime composes Observability.
72,EDI-REL-072,EDI-PC-003,EDI-PC-013,depends-on,Trainee Client Runtime composes AUTH and Admission.
73,EDI-REL-073,EDI-PC-004,EDI-PC-013,depends-on,Trainee Client Runtime composes Runtime Package.
74,EDI-REL-074,EDI-PC-005,EDI-PC-013,depends-on,Trainee Client Runtime composes Content Admission.
75,EDI-REL-075,EDI-PC-006,EDI-PC-013,depends-on,Trainee Client Runtime composes Protocol and Replication.
76,EDI-REL-076,EDI-PC-009,EDI-PC-013,depends-on,Trainee Client Runtime composes Prediction.
77,EDI-REL-077,EDI-PC-010,EDI-PC-013,depends-on,Trainee Client Runtime composes Presentation.
78,EDI-REL-078,EDI-PC-011,EDI-PC-013,depends-on,Trainee Client Runtime composes Input and Interaction.
79,EDI-REL-079,EDI-PC-007,EDI-PC-013,depends-on,Trainee Client Runtime composes Observability.
80,EDI-REL-080,BART-ARC-012,EDI-VIEW-003,maps-to,ARCHSPEC-0004 supplies the Software Architecture Description module view.
81,EDI-REL-081,EDI-PC-007,EDI-PC-014,depends-on,Content Cooker Runtime composes Observability.
82,EDI-REL-082,EDI-PC-006,EDI-PC-016,depends-on,Synthetic Client Runtime exercises the protocol seam.
83,EDI-REL-083,EDI-PC-007,EDI-PC-016,depends-on,Synthetic Client Runtime emits through Observability.
84,EDI-REL-084,EDI-DATA-003,BART-VER-003,input-to,Local commit hook consumes the proposed commit message.
85,EDI-REL-085,BART-VER-017,BART-VER-003,depends-on,Local commit hook invokes the canonical commit validator.
86,EDI-REL-086,BART-VER-003,EDI-EVID-006,produces,Local commit hook produces its pre-registered result.
87,EDI-REL-087,EDI-DATA-004,BART-VER-004,input-to,CodeQL workflow consumes the governed C++ validation closure.
88,EDI-REL-088,EDI-ENV-001,BART-VER-004,input-to,CodeQL workflow depends on its declared repository environment.
89,EDI-REL-089,BART-VER-004,EDI-EVID-007,produces,CodeQL workflow produces its pre-registered result.
90,EDI-REL-090,EDI-DATA-003,BART-VER-005,input-to,Commit-policy workflow consumes commit messages.
91,EDI-REL-091,EDI-DATA-008,BART-VER-005,input-to,Commit-policy workflow consumes the selected Git history.
92,EDI-REL-092,BART-VER-017,BART-VER-005,depends-on,Commit-policy workflow invokes the canonical validator.
93,EDI-REL-093,BART-VER-005,EDI-EVID-008,produces,Commit-policy workflow produces its pre-registered result.
94,EDI-REL-094,EDI-DATA-005,BART-VER-013,input-to,Assignment generator consumes canonical requirement and verification sources.
95,EDI-REL-095,EDI-ENV-001,BART-VER-013,input-to,Assignment generator depends on the repository validation environment.
96,EDI-REL-096,BART-VER-013,EDI-DATA-006,produces,Assignment generator produces its pre-registered normalized output.
97,EDI-REL-097,EDI-DATA-005,BART-VER-014,input-to,Baseline Applicability validator consumes canonical source requirements.
98,EDI-REL-098,BART-VER-010,BART-VER-014,input-to,Baseline Applicability validator consumes the normalized register.
99,EDI-REL-099,EDI-ENV-001,BART-VER-014,input-to,Baseline Applicability validator depends on the repository environment.
100,EDI-REL-100,BART-VER-014,EDI-EVID-009,produces,Baseline Applicability validator produces its pre-registered result.
101,EDI-REL-101,BART-VER-008,BART-VER-015,input-to,Baseline Artifact validator consumes the artifact register.
102,EDI-REL-102,BART-VER-006,BART-VER-015,input-to,Baseline Artifact validator consumes Architecture Claim traces.
103,EDI-REL-103,BART-VER-010,BART-VER-015,input-to,Baseline Artifact validator consumes Baseline Applicability rows.
104,EDI-REL-104,EDI-ENV-001,BART-VER-015,input-to,Baseline Artifact validator depends on the repository environment.
105,EDI-REL-105,BART-VER-015,EDI-EVID-010,produces,Baseline Artifact validator produces its pre-registered result.
106,EDI-REL-106,BART-VER-009,BART-VER-016,input-to,Documentation validator consumes the Documentation Inventory.
107,EDI-REL-107,EDI-DATA-007,BART-VER-016,input-to,Documentation validator consumes the retained document population.
108,EDI-REL-108,EDI-ENV-001,BART-VER-016,input-to,Documentation validator depends on the repository environment.
109,EDI-REL-109,BART-VER-016,EDI-EVID-011,produces,Documentation validator produces its pre-registered result.
110,EDI-REL-110,EDI-DATA-003,BART-VER-017,input-to,Commit validator consumes one commit message.
111,EDI-REL-111,EDI-ENV-001,BART-VER-017,input-to,Commit validator depends on the repository environment.
112,EDI-REL-112,BART-VER-017,EDI-EVID-012,produces,Commit validator produces its pre-registered result.
113,EDI-REL-113,EDI-DATA-001,EDI-PROC-001,input-to,Standards review consumes the fixed staged diff.
114,EDI-REL-114,EDI-DATA-001,EDI-PROC-002,input-to,Spec review consumes the fixed staged diff.
115,EDI-REL-115,EDI-DATA-002,EDI-PROC-002,input-to,Spec review consumes issue 53 as its authoritative specification.
116,EDI-REL-116,BART-VER-007,BART-VER-022,input-to,Evidence Dependency validator consumes the Baseline Artifact control identity.
117,EDI-REL-117,BART-VER-011,BART-VER-022,input-to,Evidence Dependency validator consumes the Baseline Applicability control identity.
118,EDI-REL-118,BART-VER-009,BART-VER-022,input-to,Evidence Dependency validator consumes the Documentation Inventory identity.
119,EDI-REL-119,BART-DES-013,EDI-DATA-005,defines,Autonomous Participant requirements extend the canonical verification-assignment source set.
120,EDI-REL-120,BART-DES-004,EDI-DATA-005,defines,Initial requirements define part of the canonical verification-assignment source set.
121,EDI-REL-121,BART-VER-012,EDI-DATA-005,defines,Verification Plan ranges define part of the canonical verification-assignment source set.
122,EDI-REL-122,EDI-DATA-004,BART-VER-023,input-to,C++ validation closure defines the changed-file style gate.
123,EDI-REL-123,EDI-ENV-001,BART-VER-023,input-to,C++ style gate depends on the repository environment and pinned LLVM tools.
124,EDI-REL-124,BART-VER-001,BART-VER-023,input-to,C++ style gate consumes the authoritative clang-format configuration.
125,EDI-REL-125,BART-VER-002,BART-VER-023,input-to,C++ style gate consumes the authoritative clang-tidy configuration.
126,EDI-REL-126,BART-IMP-010,BART-VER-023,input-to,C++ style gate consumes the approved exception registry.
127,EDI-REL-127,BART-VER-023,EDI-EVID-013,produces,C++ style gate produces its pre-registered result.
128,EDI-REL-128,BART-ARC-012,EDI-PC-017,defines,Canonical responsibility architecture defines the Scenario module.
129,EDI-REL-129,EDI-PC-005,EDI-PC-017,depends-on,Scenario consumes admitted session content from Content Admission.
130,EDI-REL-130,EDI-PC-007,EDI-PC-017,depends-on,Scenario emits operational signals through Observability.
131,EDI-REL-131,BART-ARC-022,EDI-VIEW-006,maps-to,Runtime resource and role-pack architecture maps to the data and persistence view.
132,EDI-REL-132,BART-ARC-023,EDI-VIEW-006,maps-to,Runtime Resource Type Inventory maps to the data and persistence view.
133,EDI-REL-133,BART-ARC-024,EDI-VIEW-001,defines,SAD-002 realizes the selected document-control and reading-guide view.
134,EDI-REL-134,BART-ARC-024,EDI-VIEW-002,defines,SAD-002 realizes the selected system-context and allocation view.
135,EDI-REL-135,BART-ARC-024,EDI-VIEW-003,defines,SAD-002 realizes the selected module and dependency view.
136,EDI-REL-136,BART-ARC-024,EDI-VIEW-004,defines,SAD-002 realizes the selected runtime lifecycle and sequence view.
137,EDI-REL-137,BART-ARC-024,EDI-VIEW-005,defines,SAD-002 realizes the selected concurrency and ownership view.
138,EDI-REL-138,BART-ARC-024,EDI-VIEW-006,defines,SAD-002 realizes the selected content trust and retained-evidence view.
139,EDI-REL-139,BART-ARC-024,EDI-VIEW-007,defines,SAD-002 realizes the selected cross-cutting policy view.
140,EDI-REL-140,BART-ARC-024,EDI-VIEW-008,defines,SAD-002 realizes the selected verification and traceability view.
141,EDI-REL-141,BART-ARC-024,EDI-VIEW-009,defines,SAD-002 realizes the selected risks debt assumptions and open-work view.
142,EDI-REL-142,AC-CROSSCUTTING-001,EDI-VIEW-001,maps-to,SAD-002 declares this claim in the document-control and reading-guide view.
143,EDI-REL-143,AC-CROSSCUTTING-011,EDI-VIEW-001,maps-to,SAD-002 declares this claim in the document-control and reading-guide view.
144,EDI-REL-144,AC-CROSSCUTTING-012,EDI-VIEW-001,maps-to,SAD-002 declares this claim in the document-control and reading-guide view.
145,EDI-REL-145,AC-RETENTION-001,EDI-VIEW-002,maps-to,SAD-002 declares this claim in the system-context and allocation view.
146,EDI-REL-146,AC-RETENTION-002,EDI-VIEW-002,maps-to,SAD-002 declares this claim in the system-context and allocation view.
147,EDI-REL-147,AC-RETENTION-004,EDI-VIEW-002,maps-to,SAD-002 declares this claim in the system-context and allocation view.
148,EDI-REL-148,AC-CROSSCUTTING-003,EDI-VIEW-003,maps-to,SAD-002 declares this claim in the module and dependency view.
149,EDI-REL-149,AC-CROSSCUTTING-004,EDI-VIEW-003,maps-to,SAD-002 declares this claim in the module and dependency view.
150,EDI-REL-150,AC-CROSSCUTTING-005,EDI-VIEW-003,maps-to,SAD-002 declares this claim in the module and dependency view.
151,EDI-REL-151,AC-CONTENT-004,EDI-VIEW-004,maps-to,SAD-002 declares this claim in the runtime lifecycle and sequence view.
152,EDI-REL-152,AC-CONTENT-005,EDI-VIEW-004,maps-to,SAD-002 declares this claim in the runtime lifecycle and sequence view.
153,EDI-REL-153,AC-CONTENT-006,EDI-VIEW-004,maps-to,SAD-002 declares this claim in the runtime lifecycle and sequence view.
154,EDI-REL-154,AC-RETENTION-001,EDI-VIEW-004,maps-to,SAD-002 declares this claim in the runtime lifecycle and sequence view.
155,EDI-REL-155,AC-RETENTION-003,EDI-VIEW-004,maps-to,SAD-002 declares this claim in the runtime lifecycle and sequence view.
156,EDI-REL-156,AC-DEPLOYMENT-003,EDI-VIEW-004,maps-to,SAD-002 declares this claim in the runtime lifecycle and sequence view.
157,EDI-REL-157,AC-DEPLOYMENT-004,EDI-VIEW-004,maps-to,SAD-002 declares this claim in the runtime lifecycle and sequence view.
158,EDI-REL-158,AC-DEPLOYMENT-005,EDI-VIEW-004,maps-to,SAD-002 declares this claim in the runtime lifecycle and sequence view.
159,EDI-REL-159,AC-DEPLOYMENT-008,EDI-VIEW-004,maps-to,SAD-002 declares this claim in the runtime lifecycle and sequence view.
160,EDI-REL-160,AC-RUNTIME-004,EDI-VIEW-005,maps-to,SAD-002 declares this claim in the concurrency and ownership view.
161,EDI-REL-161,AC-RUNTIME-005,EDI-VIEW-005,maps-to,SAD-002 declares this claim in the concurrency and ownership view.
162,EDI-REL-162,AC-RUNTIME-006,EDI-VIEW-005,maps-to,SAD-002 declares this claim in the concurrency and ownership view.
163,EDI-REL-163,AC-RETENTION-003,EDI-VIEW-005,maps-to,SAD-002 declares this claim in the concurrency and ownership view.
164,EDI-REL-164,AC-RETENTION-004,EDI-VIEW-005,maps-to,SAD-002 declares this claim in the concurrency and ownership view.
165,EDI-REL-165,AC-RETENTION-005,EDI-VIEW-005,maps-to,SAD-002 declares this claim in the concurrency and ownership view.
166,EDI-REL-166,AC-DEPLOYMENT-006,EDI-VIEW-006,maps-to,SAD-002 declares this claim in the content trust and retained-evidence view.
167,EDI-REL-167,AC-DEPLOYMENT-007,EDI-VIEW-006,maps-to,SAD-002 declares this claim in the content trust and retained-evidence view.
168,EDI-REL-168,AC-DEPLOYMENT-008,EDI-VIEW-006,maps-to,SAD-002 declares this claim in the content trust and retained-evidence view.
169,EDI-REL-169,AC-CONCURRENCY-001,EDI-VIEW-007,maps-to,SAD-002 declares this claim in the cross-cutting policy view.
170,EDI-REL-170,AC-CONCURRENCY-002,EDI-VIEW-007,maps-to,SAD-002 declares this claim in the cross-cutting policy view.
171,EDI-REL-171,AC-CONCURRENCY-003,EDI-VIEW-007,maps-to,SAD-002 declares this claim in the cross-cutting policy view.
172,EDI-REL-172,AC-CONCURRENCY-004,EDI-VIEW-007,maps-to,SAD-002 declares this claim in the cross-cutting policy view.
173,EDI-REL-173,AC-CONCURRENCY-005,EDI-VIEW-007,maps-to,SAD-002 declares this claim in the cross-cutting policy view.
174,EDI-REL-174,AC-CONCURRENCY-006,EDI-VIEW-007,maps-to,SAD-002 declares this claim in the cross-cutting policy view.
175,EDI-REL-175,AC-CONCURRENCY-007,EDI-VIEW-007,maps-to,SAD-002 declares this claim in the cross-cutting policy view.
176,EDI-REL-176,AC-CONCURRENCY-008,EDI-VIEW-007,maps-to,SAD-002 declares this claim in the cross-cutting policy view.
177,EDI-REL-177,AC-RETENTION-001,EDI-VIEW-007,maps-to,SAD-002 declares this claim in the cross-cutting policy view.
178,EDI-REL-178,AC-RETENTION-002,EDI-VIEW-007,maps-to,SAD-002 declares this claim in the cross-cutting policy view.
179,EDI-REL-179,AC-RETENTION-003,EDI-VIEW-007,maps-to,SAD-002 declares this claim in the cross-cutting policy view.
180,EDI-REL-180,AC-RETENTION-004,EDI-VIEW-007,maps-to,SAD-002 declares this claim in the cross-cutting policy view.
181,EDI-REL-181,AC-RETENTION-005,EDI-VIEW-007,maps-to,SAD-002 declares this claim in the cross-cutting policy view.
182,EDI-REL-182,AC-RETENTION-006,EDI-VIEW-007,maps-to,SAD-002 declares this claim in the cross-cutting policy view.
183,EDI-REL-183,AC-DEPLOYMENT-001,EDI-VIEW-007,maps-to,SAD-002 declares this claim in the cross-cutting policy view.
184,EDI-REL-184,AC-DEPLOYMENT-002,EDI-VIEW-007,maps-to,SAD-002 declares this claim in the cross-cutting policy view.
185,EDI-REL-185,AC-DEPLOYMENT-003,EDI-VIEW-007,maps-to,SAD-002 declares this claim in the cross-cutting policy view.
186,EDI-REL-186,AC-DEPLOYMENT-004,EDI-VIEW-007,maps-to,SAD-002 declares this claim in the cross-cutting policy view.
187,EDI-REL-187,AC-DEPLOYMENT-005,EDI-VIEW-007,maps-to,SAD-002 declares this claim in the cross-cutting policy view.
188,EDI-REL-188,AC-DEPLOYMENT-006,EDI-VIEW-007,maps-to,SAD-002 declares this claim in the cross-cutting policy view.
189,EDI-REL-189,AC-DEPLOYMENT-007,EDI-VIEW-007,maps-to,SAD-002 declares this claim in the cross-cutting policy view.
190,EDI-REL-190,AC-DEPLOYMENT-008,EDI-VIEW-007,maps-to,SAD-002 declares this claim in the cross-cutting policy view.
191,EDI-REL-191,AC-DEPLOYMENT-009,EDI-VIEW-007,maps-to,SAD-002 declares this claim in the cross-cutting policy view.
192,EDI-REL-192,AC-DEPLOYMENT-010,EDI-VIEW-007,maps-to,SAD-002 declares this claim in the cross-cutting policy view.
193,EDI-REL-193,AC-DECOMPOSITION-006,EDI-VIEW-009,maps-to,SAD-002 declares this claim in the risks debt assumptions and open-work view.
194,EDI-REL-194,AC-DEPLOYMENT-010,EDI-VIEW-009,maps-to,SAD-002 declares this claim in the risks debt assumptions and open-work view.
195,EDI-REL-195,AC-FOUNDATION-001,EDI-VIEW-009,maps-to,SAD-002 declares this claim in the risks debt assumptions and open-work view.
196,EDI-REL-196,AC-FOUNDATION-002,EDI-VIEW-009,maps-to,SAD-002 declares this claim in the risks debt assumptions and open-work view.
197,EDI-REL-197,AC-FOUNDATION-003,EDI-VIEW-009,maps-to,SAD-002 declares this claim in the risks debt assumptions and open-work view.
198,EDI-REL-198,AC-FOUNDATION-004,EDI-VIEW-009,maps-to,SAD-002 declares this claim in the risks debt assumptions and open-work view.
199,EDI-REL-199,AC-FOUNDATION-005,EDI-VIEW-009,maps-to,SAD-002 declares this claim in the risks debt assumptions and open-work view.
200,EDI-REL-200,AC-FOUNDATION-006,EDI-VIEW-009,maps-to,SAD-002 declares this claim in the risks debt assumptions and open-work view.
201,EDI-REL-201,AC-FOUNDATION-007,EDI-VIEW-009,maps-to,SAD-002 declares this claim in the risks debt assumptions and open-work view.
202,EDI-REL-202,AC-CROSSCUTTING-001,EDI-VIEW-009,maps-to,SAD-002 declares this claim in the risks debt assumptions and open-work view.
203,EDI-REL-203,AC-CROSSCUTTING-006,EDI-VIEW-009,maps-to,SAD-002 declares this claim in the risks debt assumptions and open-work view.
204,EDI-REL-204,AC-CROSSCUTTING-007,EDI-VIEW-009,maps-to,SAD-002 declares this claim in the risks debt assumptions and open-work view.
205,EDI-REL-205,AC-CROSSCUTTING-008,EDI-VIEW-009,maps-to,SAD-002 declares this claim in the risks debt assumptions and open-work view.
206,EDI-REL-206,AC-CROSSCUTTING-009,EDI-VIEW-009,maps-to,SAD-002 declares this claim in the risks debt assumptions and open-work view.
207,EDI-REL-207,AC-CROSSCUTTING-010,EDI-VIEW-009,maps-to,SAD-002 declares this claim in the risks debt assumptions and open-work view.
208,EDI-REL-208,AC-MEMORY-001,EDI-VIEW-009,maps-to,SAD-002 declares this claim in the risks debt assumptions and open-work view.
209,EDI-REL-209,AC-MEMORY-002,EDI-VIEW-009,maps-to,SAD-002 declares this claim in the risks debt assumptions and open-work view.
210,EDI-REL-210,AC-MEMORY-003,EDI-VIEW-009,maps-to,SAD-002 declares this claim in the risks debt assumptions and open-work view.
211,EDI-REL-211,AC-MEMORY-004,EDI-VIEW-009,maps-to,SAD-002 declares this claim in the risks debt assumptions and open-work view.
212,EDI-REL-212,AC-MEMORY-005,EDI-VIEW-009,maps-to,SAD-002 declares this claim in the risks debt assumptions and open-work view.
213,EDI-REL-213,AC-MEMORY-006,EDI-VIEW-009,maps-to,SAD-002 declares this claim in the risks debt assumptions and open-work view.
214,EDI-REL-214,AC-MEMORY-007,EDI-VIEW-009,maps-to,SAD-002 declares this claim in the risks debt assumptions and open-work view.
215,EDI-REL-215,AC-MEMORY-008,EDI-VIEW-009,maps-to,SAD-002 declares this claim in the risks debt assumptions and open-work view.
216,EDI-REL-216,AC-MEMORY-009,EDI-VIEW-009,maps-to,SAD-002 declares this claim in the risks debt assumptions and open-work view.
217,EDI-REL-217,AC-RESOURCE-001,EDI-VIEW-009,maps-to,SAD-002 declares this claim in the risks debt assumptions and open-work view.
218,EDI-REL-218,AC-RESOURCE-002,EDI-VIEW-009,maps-to,SAD-002 declares this claim in the risks debt assumptions and open-work view.
219,EDI-REL-219,AC-RESOURCE-003,EDI-VIEW-009,maps-to,SAD-002 declares this claim in the risks debt assumptions and open-work view.
220,EDI-REL-220,AC-RESOURCE-004,EDI-VIEW-009,maps-to,SAD-002 declares this claim in the risks debt assumptions and open-work view.
221,EDI-REL-221,AC-RESOURCE-005,EDI-VIEW-009,maps-to,SAD-002 declares this claim in the risks debt assumptions and open-work view.
222,EDI-REL-222,AC-RESOURCE-006,EDI-VIEW-009,maps-to,SAD-002 declares this claim in the risks debt assumptions and open-work view.
223,EDI-REL-223,AC-RESOURCE-007,EDI-VIEW-009,maps-to,SAD-002 declares this claim in the risks debt assumptions and open-work view.
224,EDI-REL-224,AC-RESOURCE-008,EDI-VIEW-009,maps-to,SAD-002 declares this claim in the risks debt assumptions and open-work view.
225,EDI-REL-225,AC-RESOURCE-009,EDI-VIEW-009,maps-to,SAD-002 declares this claim in the risks debt assumptions and open-work view.
226,EDI-REL-226,AC-RESOURCE-010,EDI-VIEW-009,maps-to,SAD-002 declares this claim in the risks debt assumptions and open-work view.
