sequence,architecture_claim_key,governing_artifact_identifier,decision_state,baseline_applicability,realization_state,evidence_state,claim_disposition,requirement_trace_relations
1,AC-TOOLCHAIN-001,BART-ARC-001,Accepted,Included,Not Implemented,Blocked,Satisfies,Satisfies:CONSTRAINT-CPP-TOOLCHAIN-001
2,AC-TOOLCHAIN-002,BART-ARC-002,Accepted,Included,Not Implemented,Blocked,Satisfies,Satisfies:CONSTRAINT-CPP-TOOLCHAIN-001;Satisfies:CONSTRAINT-CLIENT-OS-001
3,AC-FOUNDATION-001,BART-ARC-011,Accepted,Included,Not Implemented,Blocked,Satisfies,Satisfies:CONSTRAINT-CPP-VERSION-001;Satisfies:CONSTRAINT-PLATFORM-MATRIX-001
4,AC-FOUNDATION-002,BART-ARC-011,Accepted,Included,Not Implemented,Blocked,Satisfies,Satisfies:SCOPE-PRODUCT-001;Satisfies:PREFERENCE-PLATFORM-PARITY-001
5,AC-FOUNDATION-003,BART-ARC-011,Accepted,Included,Not Implemented,Blocked,Satisfies,Satisfies:CONSTRAINT-AUTHORITY-OS-001
6,AC-FOUNDATION-004,BART-ARC-011,Accepted,Included,Not Implemented,Blocked,Satisfies,Satisfies:CONSTRAINT-CLIENT-OS-001;Satisfies:PREFERENCE-PLATFORM-PARITY-001
7,AC-FOUNDATION-005,BART-ARC-011,Accepted,Included,Not Implemented,Blocked,Satisfies,Satisfies:REQ-AUTHORITY-001;Satisfies:REQ-OVERPRESSURE-001
8,AC-FOUNDATION-006,BART-ARC-011,Accepted,Included,Not Implemented,Blocked,Satisfies,Satisfies:NFR-OBSERVABILITY-CORE-001;Satisfies:NFR-OBSERVABILITY-INTEGRITY-001
9,AC-FOUNDATION-007,BART-ARC-011,Accepted,Included,Not Implemented,Blocked,Satisfies,Satisfies:CONSTRAINT-CPP-TOOLCHAIN-001;Satisfies:CONSTRAINT-NFR-TEAM-001
10,AC-DECOMPOSITION-001,BART-ARC-012,Accepted,Included,Not Implemented,Blocked,Satisfies,Satisfies:SCOPE-PRODUCT-001;Satisfies:CONSTRAINT-NFR-TEAM-001
11,AC-DECOMPOSITION-002,BART-ARC-012,Accepted,Included,Not Implemented,Blocked,Satisfies,Satisfies:CONSTRAINT-CLIENT-OS-001;Satisfies:CONSTRAINT-AUTHORITY-OS-001
12,AC-DECOMPOSITION-003,BART-ARC-012,Accepted,Included,Not Implemented,Blocked,Satisfies,Satisfies:REQ-AUTHORITY-001;Satisfies:REQ-STATE-CONSISTENCY-001
13,AC-DECOMPOSITION-004,BART-ARC-012,Accepted,Included,Not Implemented,Blocked,Satisfies,Satisfies:PREFERENCE-PLATFORM-PARITY-001
14,AC-DECOMPOSITION-005,BART-ARC-012,Accepted,Included,Not Implemented,Blocked,Satisfies,Satisfies:REQ-CLIENT-TRUST-001;Satisfies:REQ-STATE-CONSISTENCY-001
15,AC-DECOMPOSITION-006,BART-ARC-012,Deferred,Future,Not Implemented,Blocked,Intentional Deferral,Satisfies:SCOPE-ROLE-001
16,AC-RUNTIME-001,BART-ARC-013,Accepted,Included,Not Implemented,Blocked,Satisfies,Satisfies:REQ-AUTHORITY-001;Satisfies:REQ-STATE-CONSISTENCY-001
17,AC-RUNTIME-002,BART-ARC-013,Accepted,Included,Not Implemented,Blocked,Satisfies,Satisfies:REQ-OPERATIONAL-CLOCK-001;Satisfies:REQ-OPERATIONAL-CLOCK-002
18,AC-RUNTIME-003,BART-ARC-013,Accepted,Included,Not Implemented,Blocked,Satisfies,Satisfies:REQ-SERVER-SESSION-001;Satisfies:REQ-AUTHORITY-SINGLE-SESSION-001
19,AC-RUNTIME-004,BART-ARC-013,Accepted,Included,Not Implemented,Blocked,Satisfies,Satisfies:REQ-STATE-CONSISTENCY-001;Satisfies:REQ-SESSION-EVIDENCE-001
20,AC-RUNTIME-005,BART-ARC-013,Accepted,Included,Not Implemented,Blocked,Satisfies,Satisfies:REQ-AUTHORITY-001;Satisfies:NFR-ACTION-RESPONSE-001
21,AC-RUNTIME-006,BART-ARC-013,Accepted,Included,Not Implemented,Blocked,Satisfies,Satisfies:REQ-CLIENT-TRUST-001;Satisfies:REQ-STATE-CONSISTENCY-001
22,AC-RUNTIME-007,BART-ARC-013,Accepted,Included,Not Implemented,Blocked,Satisfies,Satisfies:REQ-SESSION-EVIDENCE-001;Satisfies:REQ-SESSION-EVIDENCE-002
23,AC-RUNTIME-008,BART-ARC-013,Accepted,Included,Not Implemented,Blocked,Satisfies,Satisfies:REQ-TECHNICAL-REMOVAL-001;Satisfies:REQ-TECHNICAL-REMOVAL-002;Satisfies:REQ-TECHNICAL-REMOVAL-003;Satisfies:REQ-TECHNICAL-REMOVAL-004;Satisfies:REQ-TECHNICAL-REMOVAL-005;Satisfies:REQ-TECHNICAL-REMOVAL-006
24,AC-CONCURRENCY-001,BART-ARC-014,Accepted,Included,Not Implemented,Blocked,Satisfies,Satisfies:REQ-STATE-CONSISTENCY-001
25,AC-CONCURRENCY-002,BART-ARC-014,Accepted,Included,Not Implemented,Blocked,Satisfies,Satisfies:REQ-AUTHORITY-001;Satisfies:REQ-STATE-CONSISTENCY-001
26,AC-CONCURRENCY-003,BART-ARC-014,Accepted,Included,Not Implemented,Blocked,Satisfies,Satisfies:REQ-STATE-CONSISTENCY-001
27,AC-CONCURRENCY-004,BART-ARC-014,Accepted,Included,Not Implemented,Blocked,Satisfies,Satisfies:NFR-ACTION-RESPONSE-001;Satisfies:NFR-DESKTOP-STALL-001
28,AC-CONCURRENCY-005,BART-ARC-014,Accepted,Included,Not Implemented,Blocked,Satisfies,Satisfies:REQ-STATE-CONSISTENCY-001
29,AC-CONCURRENCY-006,BART-ARC-014,Accepted,Included,Not Implemented,Blocked,Satisfies,Satisfies:REQ-CAPACITY-001;Satisfies:REQ-CAPACITY-002;Satisfies:REQ-CAPACITY-003
30,AC-CONCURRENCY-007,BART-ARC-014,Accepted,Included,Not Implemented,Blocked,Satisfies,Satisfies:REQ-SESSION-DISCONNECT-001;Intentional Deferral:REQ-AUTH-AUDIT-WRITE-FAILURE-001
31,AC-CONCURRENCY-008,BART-ARC-014,Accepted,Included,Not Implemented,Blocked,Satisfies,Satisfies:REQ-AUTHORITY-TERMINAL-SETTLEMENT-001;Satisfies:REQ-AUTHORITY-TERMINAL-SHUTDOWN-001
32,AC-CONTENT-001,BART-ARC-015,Accepted,Included,Not Implemented,Blocked,Satisfies,Satisfies:REQ-CONTENT-RELEASE-001;Satisfies:REQ-CONTENT-PAIR-001
33,AC-CONTENT-002,BART-ARC-015,Accepted,Included,Not Implemented,Blocked,Satisfies,Satisfies:REQ-CONTENT-PROCESSING-001;Satisfies:REQ-CONTENT-PROCESSING-RECORD-001
34,AC-CONTENT-003,BART-ARC-015,Accepted,Included,Not Implemented,Blocked,Satisfies,Satisfies:REQ-CONTENT-SIGNING-001;Satisfies:REQ-CONTENT-TRUST-001
35,AC-CONTENT-004,BART-ARC-015,Accepted,Included,Not Implemented,Blocked,Satisfies,Satisfies:REQ-CONTENT-STARTUP-001;Satisfies:REQ-CONTENT-ACTIVATION-001
36,AC-CONTENT-005,BART-ARC-015,Accepted,Included,Not Implemented,Blocked,Satisfies,Satisfies:REQ-CONTENT-MISMATCH-001;Satisfies:REQ-CONTENT-PAIR-ATOMIC-001
37,AC-CONTENT-006,BART-ARC-015,Accepted,Included,Not Implemented,Blocked,Satisfies,Satisfies:REQ-SERVER-SESSION-001;Satisfies:REQ-AUTHORITY-SINGLE-SESSION-001
38,AC-CONTENT-007,BART-ARC-015,Accepted,Included,Not Implemented,Blocked,Satisfies,Satisfies:REQ-CONTENT-RETENTION-001;Satisfies:REQ-CONTENT-ROLLBACK-001
39,AC-RETENTION-001,BART-ARC-016,Accepted,Included,Not Implemented,Blocked,Satisfies,Not Applicable:NON-GOAL-SESSION-SAVE-001;Satisfies:REQ-RUNTIME-REPLACEMENT-001
40,AC-RETENTION-002,BART-ARC-016,Accepted,Included,Not Implemented,Blocked,Satisfies,Satisfies:REQ-SESSION-EVIDENCE-001;Satisfies:PROCESS-EVIDENCE-RETENTION-001
41,AC-RETENTION-003,BART-ARC-016,Accepted,Included,Not Implemented,Blocked,Satisfies,Satisfies:REQ-TECHNICAL-REMOVAL-003;Satisfies:REQ-TECHNICAL-REMOVAL-004
42,AC-RETENTION-004,BART-ARC-016,Accepted,Included,Not Implemented,Blocked,Satisfies,Satisfies:REQ-SESSION-EVIDENCE-TRUST-001;Satisfies:REQ-CONTENT-TRUST-001
43,AC-RETENTION-005,BART-ARC-016,Accepted,Included,Not Implemented,Blocked,Satisfies,Satisfies:REQ-SESSION-EVIDENCE-003;Satisfies:REQ-SESSION-EVIDENCE-004
44,AC-RETENTION-006,BART-ARC-016,Accepted,Included,Not Implemented,Blocked,Satisfies,Satisfies:REQ-RUNTIME-REPLACEMENT-001;Not Applicable:NON-GOAL-SESSION-SAVE-001
45,AC-DEPLOYMENT-001,BART-ARC-017,Accepted,Included,Not Implemented,Blocked,Satisfies,Satisfies:CONSTRAINT-CLIENT-OS-001;Satisfies:CONSTRAINT-AUTHORITY-OS-001
46,AC-DEPLOYMENT-002,BART-ARC-017,Accepted,Included,Not Implemented,Blocked,Satisfies,Satisfies:PREFERENCE-PLATFORM-PARITY-001;Satisfies:SCOPE-PRODUCT-001
47,AC-DEPLOYMENT-003,BART-ARC-017,Accepted,Included,Not Implemented,Blocked,Satisfies,Satisfies:REQ-RUNTIME-LAUNCH-SPECIFICATION-001;Satisfies:REQ-RUNTIME-READINESS-001
48,AC-DEPLOYMENT-004,BART-ARC-017,Accepted,Included,Not Implemented,Blocked,Satisfies,Satisfies:REQ-SESSION-CONNECTION-001
49,AC-DEPLOYMENT-005,BART-ARC-017,Accepted,Included,Not Implemented,Blocked,Satisfies,Satisfies:REQ-DEPLOYMENT-COMPATIBILITY-001;Satisfies:REQ-DEPLOYMENT-COMPATIBILITY-002
50,AC-DEPLOYMENT-006,BART-ARC-017,Accepted,Included,Not Implemented,Blocked,Satisfies,Satisfies:REQ-APPLICATION-UPDATE-001;Satisfies:REQ-APPLICATION-ROLLBACK-001
51,AC-DEPLOYMENT-007,BART-ARC-017,Accepted,Included,Not Implemented,Blocked,Satisfies,Satisfies:REQ-SESSION-EVIDENCE-003;Satisfies:NFR-OBSERVABILITY-INTEGRITY-001
52,AC-DEPLOYMENT-008,BART-ARC-017,Accepted,Included,Not Implemented,Blocked,Satisfies,Satisfies:REQ-AUTHORITY-TERMINAL-SETTLEMENT-001;Satisfies:REQ-AUTHORITY-TERMINAL-SHUTDOWN-001
53,AC-DEPLOYMENT-009,BART-ARC-017,Accepted,Included,Not Implemented,Blocked,Satisfies,Satisfies:REQ-AUTH-DEVELOPMENT-ADAPTER-001;Satisfies:REQ-AUTH-DEVELOPMENT-ADAPTER-002;Satisfies:REQ-AUTH-DEVELOPMENT-ADAPTER-003
54,AC-DEPLOYMENT-010,BART-ARC-017,Deferred,Future,Not Implemented,Blocked,Intentional Deferral,Intentional Deferral:DEFERRED-PRODUCTION-SECURITY-001;Intentional Deferral:DEFERRED-PLATFORM-OPERATIONS-001
55,AC-CROSSCUTTING-001,BART-ARC-018,Accepted,Included,Not Implemented,Blocked,Satisfies,Satisfies:PROCESS-ARCHITECTURE-CLAIM-003;Satisfies:PROCESS-ARCHITECTURE-CLAIM-004
56,AC-CROSSCUTTING-002,BART-ARC-018,Accepted,Included,Not Implemented,Blocked,Satisfies,Satisfies:REQ-RUNTIME-LAUNCH-SPECIFICATION-001;Satisfies:REQ-RUNTIME-LAUNCH-SPECIFICATION-002
57,AC-CROSSCUTTING-003,BART-ARC-018,Accepted,Included,Not Implemented,Blocked,Satisfies,Satisfies:REQ-RUNTIME-EXTERNAL-LIFECYCLE-001;Satisfies:REQ-ADMISSION-FAILURE-001
58,AC-CROSSCUTTING-004,BART-ARC-018,Accepted,Included,Not Implemented,Blocked,Satisfies,Satisfies:REQ-RUNTIME-READINESS-001;Satisfies:REQ-AUTHORITY-TERMINAL-SHUTDOWN-001
59,AC-CROSSCUTTING-005,BART-ARC-018,Accepted,Included,Not Implemented,Blocked,Satisfies,Satisfies:PROCESS-ARCHITECTURE-CONTRACT-001
60,AC-CROSSCUTTING-006,BART-ARC-018,Accepted,Included,Not Implemented,Blocked,Satisfies,Satisfies:PROCESS-ARCHITECTURE-VERIFICATION-001
61,AC-CROSSCUTTING-007,BART-ARC-018,Accepted,Included,Not Implemented,Blocked,Satisfies,Satisfies:PROCESS-ARCHITECTURE-EXECUTABLE-001;Satisfies:REQ-APPLICATION-RELEASE-001
62,AC-CROSSCUTTING-008,BART-ARC-018,Accepted,Included,Not Implemented,Blocked,Satisfies,Satisfies:PROCESS-ARCHITECTURE-VERIFICATION-001
63,AC-CROSSCUTTING-009,BART-ARC-018,Accepted,Included,Not Implemented,Blocked,Satisfies,Satisfies:PROCESS-EVIDENCE-DISPOSITION-001;Satisfies:NFR-OBSERVABILITY-INTEGRITY-001
64,AC-CROSSCUTTING-010,BART-ARC-018,Accepted,Included,Not Implemented,Blocked,Satisfies,Satisfies:PROCESS-EVIDENCE-DEPENDENCY-001;Satisfies:PROCESS-EVIDENCE-DEPENDENCY-002;Satisfies:PROCESS-EVIDENCE-DEPENDENCY-003;Satisfies:PROCESS-EVIDENCE-DEPENDENCY-004;Satisfies:PROCESS-EVIDENCE-DEPENDENCY-005;Satisfies:PROCESS-EVIDENCE-DEPENDENCY-006;Satisfies:PROCESS-EVIDENCE-DEPENDENCY-007;Satisfies:PROCESS-EVIDENCE-DEPENDENCY-008;Satisfies:PROCESS-EVIDENCE-DEPENDENCY-009;Satisfies:PROCESS-EVIDENCE-CHANGE-001;Satisfies:PROCESS-EVIDENCE-CHANGE-002;Satisfies:PROCESS-EVIDENCE-CHANGE-003;Satisfies:PROCESS-EVIDENCE-CHANGE-004;Satisfies:PROCESS-EVIDENCE-CHANGE-005;Satisfies:PROCESS-EVIDENCE-CHANGE-006
65,AC-CROSSCUTTING-011,BART-ARC-018,Accepted,Included,Not Implemented,Blocked,Satisfies,Satisfies:PROCESS-ARCHITECTURE-DESCRIPTION-001;Satisfies:PROCESS-ARCHITECTURE-UPDATE-001
66,AC-CROSSCUTTING-012,BART-ARC-018,Accepted,Included,Not Implemented,Blocked,Satisfies,Satisfies:PROCESS-DOCUMENTATION-INVENTORY-001;Satisfies:PROCESS-TRACEABILITY-INVENTORY-001;Satisfies:PROCESS-EVIDENCE-DEPENDENCY-001
