sequence,artifact_identifier,artifact_class,exact_version,canonical_location,baseline_status,responsible_owner,trace_disposition,requirement_traces,trace_basis
1,BART-ARC-001,Architecture,sha256:c1947b770d4cfe376bf816e697c354b8e6b4837c049740c3c670a84d01d4b6fb,docs/adr/0001-use-clang-only-for-cpp.md,Included,Project owner,Satisfies,PROCESS-ARCHITECTURE-CLAIM-002,Canonical decision or specification governing the exact Architecture Claims recorded in the claim trace register.
2,BART-ARC-002,Architecture,sha256:93db68ecbb73532f50b7c4000f2463f0af5be664158d3a6680f6098adf700b6f,docs/adr/0002-cross-compile-windows-from-ubuntu-with-clang.md,Included,Project owner,Satisfies,PROCESS-ARCHITECTURE-CLAIM-002,Canonical decision or specification governing the exact Architecture Claims recorded in the claim trace register.
3,BART-ARC-003,Architecture,sha256:c5f5fd1125e29d9fbd39bc9f2a34b2dc33b7775e7a284ab4c0b4298d9ef5e32d,docs/adr/0003-adopt-nvidia-oriented-foundation.md,Included,Project owner,Satisfies,PROCESS-ARCHITECTURE-CLAIM-002,Canonical decision or specification governing the exact Architecture Claims recorded in the claim trace register.
4,BART-ARC-004,Architecture,sha256:c00b0e4d59f37123923a3f70614196eefce7bfa7aa2a3be585fc0aabad94a390,docs/adr/0004-decompose-by-canonical-responsibility.md,Included,Project owner,Satisfies,PROCESS-ARCHITECTURE-CLAIM-002,Canonical decision or specification governing the exact Architecture Claims recorded in the claim trace register.
5,BART-ARC-005,Architecture,sha256:b3dfbc2289260e88f94cf790d5dc865e828edc4a1ed11034297b38903420bdf4,docs/adr/0005-use-fixed-step-authoritative-runtime.md,Included,Project owner,Satisfies,PROCESS-ARCHITECTURE-CLAIM-002,Canonical decision or specification governing the exact Architecture Claims recorded in the claim trace register.
6,BART-ARC-006,Architecture,sha256:961cb2606626707ae0703dfd19afa96fb67fb8ccf7f3aa487d7ef2b9d1a60a26,docs/adr/0006-isolate-runtime-owners-and-bound-failure.md,Included,Project owner,Satisfies,PROCESS-ARCHITECTURE-CLAIM-002,Canonical decision or specification governing the exact Architecture Claims recorded in the claim trace register.
7,BART-ARC-007,Architecture,sha256:c1c8c31781ef1ddbcf6f2ff0bfb930cbad9d5bdd8f28e9c054e460a718754c45,docs/adr/0007-use-signed-scenario-bound-runtime-content-releases.md,Included,Project owner,Satisfies,PROCESS-ARCHITECTURE-CLAIM-002,Canonical decision or specification governing the exact Architecture Claims recorded in the claim trace register.
8,BART-ARC-008,Architecture,sha256:2c955ee20fb559fb5f55dd0f1c08429685349c4d0c96449ee32a7d4f345af3b9,docs/adr/0008-retain-evidence-outside-ephemeral-session-state.md,Included,Project owner,Satisfies,PROCESS-ARCHITECTURE-CLAIM-002,Canonical decision or specification governing the exact Architecture Claims recorded in the claim trace register.
9,BART-ARC-009,Architecture,sha256:d1e888493f09235e871056549743baf76933871ae0c8b8a2238d6b866827f503,docs/adr/0009-expose-orchestration-neutral-runtime-deployment-contracts.md,Included,Project owner,Satisfies,PROCESS-ARCHITECTURE-CLAIM-002,Canonical decision or specification governing the exact Architecture Claims recorded in the claim trace register.
10,BART-ARC-010,Architecture,sha256:7ce2cead3fca7ebb72b99311eddae33ea590e97bad748087834badf908c5357f,docs/adr/0010-close-cross-cutting-architecture-and-verification.md,Included,Project owner,Satisfies,PROCESS-ARCHITECTURE-CLAIM-002,Canonical decision or specification governing the exact Architecture Claims recorded in the claim trace register.
11,BART-ARC-011,Architecture,sha256:8852f9dc0696095da5fefd52a6521a12e0796fd102003c0cf5e63cb1e79e6a13,docs/architecture/0003-nvidia-oriented-foundation.md,Included,Project owner,Satisfies,PROCESS-ARCHITECTURE-CLAIM-002,Canonical decision or specification governing the exact Architecture Claims recorded in the claim trace register.
12,BART-ARC-012,Architecture,sha256:828638f8c481ba801bc0f67c986dd3a49cf6997d08fe23745a561b3da50ac5aa,docs/architecture/0004-canonical-responsibility.md,Included,Project owner,Satisfies,PROCESS-ARCHITECTURE-CLAIM-002,Canonical decision or specification governing the exact Architecture Claims recorded in the claim trace register.
13,BART-ARC-013,Architecture,sha256:28f571d6ce4e3db85d85497bcc4f4d4a4b46c8894891fd1b8f6339eab677c6de,docs/architecture/0005-fixed-step-authoritative-runtime.md,Included,Project owner,Satisfies,PROCESS-ARCHITECTURE-CLAIM-002,Canonical decision or specification governing the exact Architecture Claims recorded in the claim trace register.
14,BART-ARC-014,Architecture,sha256:c3e25091d1bb33696f2128f20cf073c58a9b4f9ef40f9aba3175344e2fb90da6,docs/architecture/0006-runtime-ownership-and-failure.md,Included,Project owner,Satisfies,PROCESS-ARCHITECTURE-CLAIM-002,Canonical decision or specification governing the exact Architecture Claims recorded in the claim trace register.
15,BART-ARC-015,Architecture,sha256:d9aa2e04bbe4d081b92b5546d9d21a4e70c21bb07d9154bd797ca399d1b6a1c3,docs/architecture/0007-runtime-content-releases.md,Included,Project owner,Satisfies,PROCESS-ARCHITECTURE-CLAIM-002,Canonical decision or specification governing the exact Architecture Claims recorded in the claim trace register.
16,BART-ARC-016,Architecture,sha256:35b6f2b04ad1c39ba081990880df9cc22be10113490cbad5cf53dcfe3d9844d9,docs/architecture/0008-evidence-and-ephemeral-state.md,Included,Project owner,Satisfies,PROCESS-ARCHITECTURE-CLAIM-002,Canonical decision or specification governing the exact Architecture Claims recorded in the claim trace register.
17,BART-ARC-017,Architecture,sha256:164f6ad39729413a4993ae013267bf3e5672e123623bcc852e3d83cb17ccad2a,docs/architecture/0009-runtime-deployment-contracts.md,Included,Project owner,Satisfies,PROCESS-ARCHITECTURE-CLAIM-002,Canonical decision or specification governing the exact Architecture Claims recorded in the claim trace register.
18,BART-ARC-018,Architecture,sha256:66e6ad739344e22b4d39421fb5c023e2e0422aa84901573f98086d56d3b501b4,docs/architecture/0010-cross-cutting-architecture-and-verification.md,Included,Project owner,Satisfies,PROCESS-ARCHITECTURE-CLAIM-002,Canonical decision or specification governing the exact Architecture Claims recorded in the claim trace register.
19,BART-DES-001,Design,sha256:c6467c9e77232d1ac91c384f311b2118a76aeb4f2f7129c649663bf582514a01,CONTEXT.md,Included,Project owner,Satisfies,SCOPE-PRODUCT-001,Canonical product boundary and domain-language definition.
20,BART-DES-002,Design,sha256:0bb2b7d903bcab9723058ddcc77555f506150504db23531deca5527a4b1c22f3,docs/glossary/governance.md,Included,Project owner,Satisfies,CONSTRAINT-DOCUMENTATION-002,Canonical or routed project information linked to its governing sources.
21,BART-DES-003,Design,sha256:71db1093200af7b70ac3478ce91a496e804595e01d4307bb5a2f30d9cbecd7ec,docs/glossary/technical.md,Included,Project owner,Satisfies,CONSTRAINT-DOCUMENTATION-002,Canonical or routed project information linked to its governing sources.
22,BART-DES-004,Design,sha256:dc70b8f791e02b8a7e242f2986b16e0524dd8365128ff2278d303c4838714970,docs/requirements/training-simulation-initial-requirements.md,Included,Project owner,Satisfies,SCOPE-REQUIREMENTS-DOCUMENT-001,Canonical functional requirements and project-constraint baseline.
23,BART-DES-005,Design,sha256:5bef2f87282a4eb8575d4766edde9319ad494a3dbfb725c041b504518b07294c,docs/requirements/training-simulation-non-functional-requirements.md,Included,Project owner,Satisfies,SCOPE-REQUIREMENTS-DOCUMENT-002,Separately identified canonical non-functional requirements baseline.
24,BART-DES-006,Design,sha256:038b25be192b5a5326a51ac8eb4545d22f377a70a17fa3e0ffa912125b9c7224,docs/requirements/training-simulation-observability-contract.md,Included,Project owner,Satisfies,NFR-OBSERVABILITY-CORE-001,Canonical versioned Observability Contract.
25,BART-DES-007,Design,sha256:e6d3402c8fe723ce01d782e2ec9bea36a5e260bd912339ff5849aaed0095d7ed,docs/requirements/training-simulation-performance-assessment-requirements.md,Included,Project owner,Satisfies,PERF-VERIFICATION-001,Canonical performance-assessment requirement and verification definitions.
26,BART-DES-008,Design,sha256:7ab533810292e60c5836117d5130440726794521dc8e442d3cef84d479896dd6,docs/requirements/training-simulation-performance-profile-engagement-target-001.md,Included,Project owner,Satisfies,ETP-VERIFICATION-001,Canonical Engagement Target Performance Profile.
27,BART-DES-009,Design,sha256:074dc42d25cf44800198b4207b8b90a2897ebe7109dadab4c3766e3cbc644095,docs/requirements/training-simulation-reference-hardware-profiles.md,Included,Project owner,Satisfies,CONSTRAINT-CLIENT-OS-001;CONSTRAINT-AUTHORITY-OS-001,Canonical reference hardware and native acceptance profiles.
28,BART-DES-010,Design,sha256:1ea8ce114294eb446efee35745334498193f25eb9146b3d7c9fcecca9fba9d2c,docs/standards/conventional-commits.md,Included,Project owner,Satisfies,CONSTRAINT-COMMIT-MESSAGE-001;CONSTRAINT-COMMIT-TYPE-001;CONSTRAINT-COMMIT-STRUCTURE-001,Project-owner-approved Conventional Commit Profile.
29,BART-DES-011,Design,sha256:9f840c11a94ca0b230928a563da37620b467c7fff8d2f61a81cb36434380f71a,docs/standards/cpp-engineering.md,Included,Project owner,Satisfies,CONSTRAINT-CPP-STYLE-001;CONSTRAINT-CPP-FORMAT-001;CONSTRAINT-CPP-LINT-001;CONSTRAINT-CPP-TOOLCHAIN-001,Canonical C++ engineering and toolchain baseline.
30,BART-DES-012,Design,sha256:b87ea3135344eeb663dadddfefc749f2e84714605a1eef089cf416a6fe55f5ed,docs/standards/git-flow.md,Included,Project owner,Satisfies,PROCESS-COMMIT-HISTORY-001,Canonical branch and integration workflow.
31,BART-IMP-001,Implementation,sha256:ec8eead0dc7fb545004e5e50ab126538b23cbbbb734a5201d7821e9756d33354,CMakeLists.txt,Included,Build composition,Satisfies,CONSTRAINT-CPP-TOOLCHAIN-001,"Pinned build, dependency, toolchain, or repository-execution artifact."
32,BART-IMP-002,Implementation,sha256:1bb6961e66da8f191221e047e968f5697f6067efc978b439c4c2943d6a43465e,CMakePresets.json,Included,Build composition,Satisfies,CONSTRAINT-CPP-TOOLCHAIN-001,"Pinned build, dependency, toolchain, or repository-execution artifact."
33,BART-IMP-003,Implementation,sha256:cbe8a2979ab89c96465481581ee38bbe4c5009a739ec6a69363ca528363de47c,cmake/SacramentoOptions.cmake,Included,Build composition,Satisfies,CONSTRAINT-CPP-TOOLCHAIN-001,"Pinned build, dependency, toolchain, or repository-execution artifact."
34,BART-IMP-004,Implementation,sha256:dc45be7e8969b04f9cf09f6708644118a68ae53e0aafbf411b96ea281a33de60,cmake/toolchains/debian-cross-clang.cmake,Included,Build composition,Satisfies,CONSTRAINT-CPP-TOOLCHAIN-001,"Pinned build, dependency, toolchain, or repository-execution artifact."
35,BART-IMP-005,Implementation,sha256:e9106d02224401c4a109aaff770f53e04ac01d1e3dbd807826924c5afc3ca6b3,cmake/toolchains/windows-cross-clang.cmake,Included,Build composition,Satisfies,CONSTRAINT-CPP-TOOLCHAIN-001,"Pinned build, dependency, toolchain, or repository-execution artifact."
36,BART-IMP-006,Implementation,sha256:bab86967375032aa1bf9312ef5e2cdf6d4df196041d06c5bfbbbc685e12f68cf,config/cpp/baseline.json,Included,Build composition,Satisfies,CONSTRAINT-CPP-TOOLCHAIN-001,"Pinned build, dependency, toolchain, or repository-execution artifact."
37,BART-IMP-007,Implementation,sha256:67d33faaebd1ba0db0e8592a2c3f6d62e7681757b7026e3d0aa72bd43b5429da,config/cpp/bootstrap-lock.json,Included,Build composition,Satisfies,CONSTRAINT-CPP-TOOLCHAIN-001,"Pinned build, dependency, toolchain, or repository-execution artifact."
38,BART-IMP-008,Implementation,sha256:29fd669352423447f5bfc64bff47a7d502854424e8ea7006b2da5271f642b833,config/cpp/cpp23-features.json,Included,Build composition,Satisfies,CONSTRAINT-CPP-TOOLCHAIN-001,"Pinned build, dependency, toolchain, or repository-execution artifact."
39,BART-IMP-009,Implementation,sha256:80b0f4774b2fa8853563dae60d0e6822b93902db29e3f36883ea11c0594e01f9,config/cpp/debian-sysroot-lock.json,Included,Build composition,Satisfies,CONSTRAINT-CPP-TOOLCHAIN-001,"Pinned build, dependency, toolchain, or repository-execution artifact."
40,BART-IMP-010,Implementation,sha256:1ee28ff071044795b29aff3b2ea620f82fc69b304b53aede238897da513edaa6,config/cpp/exceptions.json,Included,Build composition,Satisfies,CONSTRAINT-CPP-TOOLCHAIN-001,"Pinned build, dependency, toolchain, or repository-execution artifact."
41,BART-IMP-011,Implementation,sha256:d066d15a15cb71f8d21979eaddf2a3e92ca2cdc55ee3c7a8cce6f40f3c9ccd45,config/cpp/ubuntu-snapshot.sources,Included,Build composition,Satisfies,CONSTRAINT-CPP-TOOLCHAIN-001,"Pinned build, dependency, toolchain, or repository-execution artifact."
42,BART-IMP-012,Implementation,sha256:bbc35d59aef70c4337f534ec9313ec36e603bed7b0ff0217f121009614bb30e9,config/cpp/vs17-channel.lock.json,Included,Build composition,Satisfies,CONSTRAINT-CPP-TOOLCHAIN-001,"Pinned build, dependency, toolchain, or repository-execution artifact."
43,BART-IMP-013,Implementation,sha256:8816cd65238378facced13678b7eb659b24fb0defc25a1dc1adfdb7ca589f24e,config/cpp/vs18-channel.lock.json,Included,Build composition,Satisfies,CONSTRAINT-CPP-TOOLCHAIN-001,"Pinned build, dependency, toolchain, or repository-execution artifact."
44,BART-IMP-014,Implementation,sha256:a2495061bf449b02246e588c72acef5938a4fcb5ab65e5aa2478bdb5a7422568,scripts/cpp-toolchain-bootstrap.sh,Included,Build composition,Satisfies,CONSTRAINT-CPP-TOOLCHAIN-001,"Pinned build, dependency, toolchain, or repository-execution artifact."
45,BART-IMP-015,Implementation,sha256:68b95c8eac84321aa0648c2d5926f2f079506d4c3a92d1e14de90c5c3b61d670,triplets/x64-debian-cross-clang.cmake,Included,Build composition,Satisfies,CONSTRAINT-CPP-TOOLCHAIN-001,"Pinned build, dependency, toolchain, or repository-execution artifact."
46,BART-IMP-016,Implementation,sha256:8909abb1368255985c6932fbcd7a56fe61d1c2149d8747185282042fa9acd941,triplets/x64-windows-cross-clang.cmake,Included,Build composition,Satisfies,CONSTRAINT-CPP-TOOLCHAIN-001,"Pinned build, dependency, toolchain, or repository-execution artifact."
47,BART-IMP-017,Implementation,sha256:c807ea352795378585e9f1150912371f0cb83784c11ddcdbb8e5f374acb8493a,vcpkg-configuration.json,Included,Build composition,Satisfies,CONSTRAINT-CPP-TOOLCHAIN-001,"Pinned build, dependency, toolchain, or repository-execution artifact."
48,BART-IMP-018,Implementation,sha256:3ac80767c8ac2bbd8ba06ed396b299505959e6c22c6ddbf4791e54a4e4ebe991,vcpkg.json,Included,Build composition,Satisfies,CONSTRAINT-CPP-TOOLCHAIN-001,"Pinned build, dependency, toolchain, or repository-execution artifact."
49,BART-VER-001,Verification,sha256:33c745a97ba673e5993bcdbf623d2407342726c0ee5f9743b28aca5b42a35d23,.clang-format,Included,Implementation team,Satisfies,CONSTRAINT-CPP-FORMAT-001,Repository-owned authoritative formatter configuration.
50,BART-VER-002,Verification,sha256:8e5e3b146af02bdbdbf27c880620071e08431ff860ccc204498ef656b1a33fe3,.clang-tidy,Included,Implementation team,Satisfies,CONSTRAINT-CPP-LINT-001,Repository-owned authoritative linter configuration.
51,BART-VER-003,Verification,sha256:470770d1fe6dfd2e152b5f09daa9442846c5bf8a2dc9ece08bada111313569eb,.githooks/commit-msg,Included,Implementation team,Satisfies,PROCESS-COMMIT-MESSAGE-GATE-001,Local or remote executable Conventional Commit gate.
52,BART-VER-004,Verification,sha256:714f67c796469dc4bd7860f10422d985324e8913baaae6b45eaed1e2bbf04e40,.github/workflows/codeql.yml,Included,Implementation team,Satisfies,CONSTRAINT-CPP-LINT-001,Pinned static-analysis acceptance workflow.
53,BART-VER-005,Verification,sha256:7053e303ec14a0fdbd99490ccd3df389ba4873571c8c05bdb988101b24a6feda,.github/workflows/commit-policy.yml,Included,Implementation team,Satisfies,PROCESS-COMMIT-MESSAGE-GATE-001,Local or remote executable Conventional Commit gate.
54,BART-VER-006,Verification,BARTINV-009@sha256:c2afc4ba1342d34e204f8db094c0eeea9e7f24329e2b93a7c597f9862ede6b0e,docs/project/training-simulation-architecture-claim-traces.csv,Included,Implementation team,Satisfies,PROCESS-TRACEABILITY-001;PROCESS-TRACEABILITY-INVENTORY-001;PROCESS-TRACEABILITY-INVENTORY-002;PROCESS-TRACEABILITY-INVENTORY-003;PROCESS-ARCHITECTURE-CLAIM-001;PROCESS-ARCHITECTURE-CLAIM-002,Canonical Baseline Artifact Inventory package or its deterministic structural validation.
55,BART-VER-007,Verification,BARTINV-009@sha256:c2afc4ba1342d34e204f8db094c0eeea9e7f24329e2b93a7c597f9862ede6b0e,docs/project/training-simulation-baseline-artifact-inventory.md,Included,Implementation team,Satisfies,PROCESS-TRACEABILITY-001;PROCESS-TRACEABILITY-INVENTORY-001;PROCESS-TRACEABILITY-INVENTORY-002;PROCESS-TRACEABILITY-INVENTORY-003,Canonical Baseline Artifact Inventory package or its deterministic structural validation.
56,BART-VER-008,Verification,BARTINV-009@sha256:c2afc4ba1342d34e204f8db094c0eeea9e7f24329e2b93a7c597f9862ede6b0e,docs/project/training-simulation-baseline-artifacts.csv,Included,Implementation team,Satisfies,PROCESS-TRACEABILITY-001;PROCESS-TRACEABILITY-INVENTORY-001;PROCESS-TRACEABILITY-INVENTORY-002;PROCESS-TRACEABILITY-INVENTORY-003,Canonical Baseline Artifact Inventory package or its deterministic structural validation.
57,BART-VER-009,Verification,sha256:69e9bd53816b10b08ec870998a06de6693a4a3b98a67f9bc2cd2b84f3c47be54,docs/project/training-simulation-documentation-inventory.md,Included,Implementation team,Satisfies,PROCESS-DOCUMENTATION-INVENTORY-001;PROCESS-DOCUMENTATION-INVENTORY-002;PROCESS-DOCUMENTATION-INVENTORY-003;PROCESS-DOCUMENTATION-INVENTORY-004;PROCESS-DOCUMENTATION-INVENTORY-005;PROCESS-DOCUMENTATION-INVENTORY-006,Canonical reconciled Documentation Inventory.
58,BART-VER-010,Verification,sha256:e228e1c625c22a4cc3cbaef23ac7b18407a54b4163d09a90846d1a483dd6211b,docs/requirements/training-simulation-baseline-applicability-inventory.csv,Included,Implementation team,Satisfies,PROCESS-BASELINE-SCOPE-001,Canonical applicability record or its deterministic structural validation.
59,BART-VER-011,Verification,sha256:9097447f7198fb13cbee0fb9e8aedde1daef81eb63f7e54b048cf35eea638875,docs/requirements/training-simulation-baseline-applicability.md,Included,Implementation team,Satisfies,PROCESS-BASELINE-SCOPE-001,Canonical applicability record or its deterministic structural validation.
60,BART-VER-012,Verification,sha256:f9d9fdcbef474d9b5154defdb00987e3924047ed3d2318dbd3b4ddc3a3ecc746,docs/requirements/training-simulation-verification-plan.md,Included,Implementation team,Satisfies,PROCESS-VERIFICATION-METHOD-001;PROCESS-VERIFICATION-METHOD-002,Canonical verification assignments and acceptance gates.
61,BART-VER-013,Verification,sha256:8de6d2d4582d7fb52cf19b4ad04481e6eb5160760ef21f2ddaef18d5be8ccc2c,scripts/generate-verification-assignment-inventory.py,Included,Implementation team,Satisfies,PROCESS-ASSIGNMENT-RANGE-001;PROCESS-ASSIGNMENT-RANGE-002;PROCESS-ASSIGNMENT-RANGE-003;PROCESS-ASSIGNMENT-RANGE-004,Deterministic expansion of canonical verification assignment ranges.
62,BART-VER-014,Verification,sha256:92d1476f78bed0c36f8bb72bdb38d7df07a7f17a4d02e5f0cf17e9310348d05c,scripts/validate-baseline-applicability-inventory.sh,Included,Implementation team,Satisfies,PROCESS-BASELINE-SCOPE-001,Canonical applicability record or its deterministic structural validation.
63,BART-VER-015,Verification,sha256:9f3c16fd45e5517b30ed4f62a46a75d474494645f7d39ab6a778e8ca99852913,scripts/validate-baseline-artifact-inventory.py,Included,Implementation team,Satisfies,PROCESS-TRACEABILITY-001;PROCESS-TRACEABILITY-INVENTORY-001;PROCESS-TRACEABILITY-INVENTORY-002;PROCESS-TRACEABILITY-INVENTORY-003,Canonical Baseline Artifact Inventory package or its deterministic structural validation.
64,BART-VER-016,Verification,sha256:09909466b49bc2cce9a5e8c6baf76907df7778f0b5e684fdaf751dcbec92ead8,scripts/validate-documentation-inventory.py,Included,Implementation team,Satisfies,PROCESS-DOCUMENTATION-INVENTORY-001;PROCESS-DOCUMENTATION-INVENTORY-003;PROCESS-DOCUMENTATION-INVENTORY-005,Structural Documentation Inventory and Software Architecture Description view validation program.
65,BART-VER-017,Verification,sha256:f9f72e6b02eb8bfeac4fa7855c86580de30d38cf282566e4a804040c1d5ee114,scripts/validate_commit_message.py,Included,Implementation team,Satisfies,PROCESS-COMMIT-MESSAGE-GATE-001,Local or remote executable Conventional Commit gate.
66,BART-VER-018,Verification,EDI-007@sha256:071a30be9e35896625046b2af80f39cdffe8bea555f5acf371baf7b7a4d822b0,docs/project/training-simulation-evidence-dependency-inventory.md,Included,Implementation team,Satisfies,PROCESS-EVIDENCE-DEPENDENCY-001;PROCESS-EVIDENCE-DEPENDENCY-002;PROCESS-EVIDENCE-DEPENDENCY-003;PROCESS-EVIDENCE-DEPENDENCY-004;PROCESS-EVIDENCE-DEPENDENCY-005;PROCESS-EVIDENCE-DEPENDENCY-006;PROCESS-EVIDENCE-DEPENDENCY-007;PROCESS-EVIDENCE-DEPENDENCY-008;PROCESS-EVIDENCE-DEPENDENCY-009,Canonical Evidence Dependency Inventory control and operational procedure.
67,BART-VER-019,Verification,EDI-007@sha256:071a30be9e35896625046b2af80f39cdffe8bea555f5acf371baf7b7a4d822b0,docs/project/training-simulation-evidence-dependency-nodes.csv,Included,Implementation team,Satisfies,PROCESS-EVIDENCE-DEPENDENCY-001;PROCESS-EVIDENCE-DEPENDENCY-002;PROCESS-EVIDENCE-DEPENDENCY-003;PROCESS-EVIDENCE-DEPENDENCY-006,Supplemental registered node population for the Evidence Dependency Inventory.
68,BART-VER-020,Verification,EDI-007@sha256:071a30be9e35896625046b2af80f39cdffe8bea555f5acf371baf7b7a4d822b0,docs/project/training-simulation-evidence-dependency-relations.csv,Included,Implementation team,Satisfies,PROCESS-EVIDENCE-DEPENDENCY-001;PROCESS-EVIDENCE-DEPENDENCY-003;PROCESS-EVIDENCE-DEPENDENCY-004;PROCESS-EVIDENCE-DEPENDENCY-005;PROCESS-EVIDENCE-DEPENDENCY-006;PROCESS-EVIDENCE-DEPENDENCY-008,Supplemental directed typed relation population for the Evidence Dependency Inventory.
69,BART-VER-021,Verification,EDI-007@sha256:071a30be9e35896625046b2af80f39cdffe8bea555f5acf371baf7b7a4d822b0,docs/project/training-simulation-evidence-impact-cases.csv,Included,Implementation team,Satisfies,PROCESS-EVIDENCE-CHANGE-001;PROCESS-EVIDENCE-CHANGE-002;PROCESS-EVIDENCE-CHANGE-003;PROCESS-EVIDENCE-CHANGE-004;PROCESS-EVIDENCE-CHANGE-005;PROCESS-EVIDENCE-CHANGE-006,Conservative traversal uncertainty invariance and successor-re-evaluation cases.
70,BART-VER-022,Verification,sha256:672df34fc3c5e868e1ed7913f8511360a6081e7fb74825ac8cf6bdee6ca986f8,scripts/validate-evidence-dependency-inventory.py,Included,Implementation team,Satisfies,PROCESS-EVIDENCE-DEPENDENCY-001;PROCESS-EVIDENCE-DEPENDENCY-002;PROCESS-EVIDENCE-DEPENDENCY-003;PROCESS-EVIDENCE-DEPENDENCY-004;PROCESS-EVIDENCE-DEPENDENCY-005;PROCESS-EVIDENCE-DEPENDENCY-006;PROCESS-EVIDENCE-DEPENDENCY-007;PROCESS-EVIDENCE-DEPENDENCY-008;PROCESS-EVIDENCE-DEPENDENCY-009;PROCESS-EVIDENCE-CHANGE-001;PROCESS-EVIDENCE-CHANGE-002;PROCESS-EVIDENCE-CHANGE-003;PROCESS-EVIDENCE-CHANGE-004;PROCESS-EVIDENCE-CHANGE-005;PROCESS-EVIDENCE-CHANGE-006,Deterministic structural graph reconciliation and conservative impact-case validation.
71,BART-DES-013,Design,sha256:58acf4f8b6065f45903e198ca28fd326a971067272930ff0f6cb192515ee477d,docs/requirements/training-simulation-autonomous-participant-requirements.md,Future,Project owner,Intentional Deferral,REQ-AUTONOMOUS-SCOPE-001;REQ-AUTONOMOUS-SCOPE-002;REQ-AUTONOMOUS-ROLE-001;REQ-AUTONOMOUS-CONTROL-001;REQ-AUTONOMOUS-CONTROL-BOUNDARY-001;REQ-AUTONOMOUS-IDENTITY-001;REQ-AUTONOMOUS-DEVICE-IDENTITY-001;REQ-AUTONOMOUS-IDENTITY-EQUALITY-001;REQ-AUTONOMOUS-PERMISSION-001;REQ-AUTONOMOUS-AUTHORIZATION-001;REQ-AUTONOMOUS-ADMISSION-001;REQ-AUTONOMOUS-ADMISSION-UNIQUENESS-001;REQ-AUTONOMOUS-HUMAN-AUTH-NOT-APPLICABLE-001;REQ-AUTONOMOUS-PRODUCTION-SECURITY-001;REQ-AUTONOMOUS-CONTINUITY-001;REQ-AUTONOMOUS-CONTINUITY-002;REQ-AUTONOMOUS-REVOCATION-001;REQ-AUTONOMOUS-AUDIT-001;REQ-AUTONOMOUS-AUDIT-ATTRIBUTION-001;REQ-AUTONOMOUS-RECOVERY-001;REQ-AUTONOMOUS-RECOVERY-002;REQ-AUTONOMOUS-ACTION-SOURCE-001;REQ-AUTONOMOUS-INTENTION-001;REQ-AUTONOMOUS-AUTHORITY-001;REQ-AUTONOMOUS-ACTION-EQUIVALENCE-001;REQ-AUTONOMOUS-PHYSICAL-EQUIVALENCE-001;REQ-AUTONOMOUS-ACTION-ORDER-001;REQ-AUTONOMOUS-TEAM-POSITION-001;REQ-AUTONOMOUS-CAPACITY-001;REQ-AUTONOMOUS-MIXED-ROSTER-001;REQ-AUTONOMOUS-PREPARATION-001;REQ-AUTONOMOUS-READINESS-001;REQ-AUTONOMOUS-SCENARIO-APPLICABILITY-001;REQ-AUTONOMOUS-SCENARIO-CLOSED-001;REQ-AUTONOMOUS-PERCEPTION-001;REQ-AUTONOMOUS-PERCEPTION-EQUIVALENCE-001;REQ-AUTONOMOUS-PRIVILEGED-INPUT-001;REQ-AUTONOMOUS-PERCEPTION-FAILURE-001;REQ-AUTONOMOUS-OBSERVABILITY-001;REQ-AUTONOMOUS-OBSERVABILITY-002;REQ-AUTONOMOUS-OBSERVABILITY-003;REQ-AUTONOMOUS-REPLAY-001;REQ-AUTONOMOUS-REPLAY-002;REQ-AUTONOMOUS-REPLAY-003;NFR-AUTONOMOUS-WORKLOAD-001;NFR-AUTONOMOUS-WORKLOAD-002;NFR-AUTONOMOUS-ACTION-RESPONSE-001;NFR-AUTONOMOUS-RESOURCE-ISOLATION-001;NFR-AUTONOMOUS-CONTROL-TIMING-001;REQ-AUTONOMOUS-FAILURE-001;REQ-AUTONOMOUS-FAILURE-002;REQ-AUTONOMOUS-FAILURE-003;REQ-AUTONOMOUS-FAILURE-004;REQ-AUTONOMOUS-SECURITY-001;REQ-AUTONOMOUS-SECURITY-002;REQ-AUTONOMOUS-SECURITY-003;REQ-AUTONOMOUS-ASSESSMENT-001;REQ-AUTONOMOUS-ASSESSMENT-IDENTITY-001;REQ-AUTONOMOUS-AAR-001;REQ-AUTONOMOUS-RECOVERY-SUBJECT-001;PROCESS-AUTONOMOUS-APPLICABILITY-001;PROCESS-AUTONOMOUS-SCENARIO-INVENTORY-001;PROCESS-AUTONOMOUS-PERCEPTION-COVERAGE-001;PROCESS-AUTONOMOUS-VERIFICATION-001;PROCESS-AUTONOMOUS-EVALUATION-001;PROCESS-AUTONOMOUS-ACCEPTANCE-001;PROCESS-AUTONOMOUS-CHANGE-001,Canonical future Autonomous Participant requirements and acceptance boundary.
72,BART-ARC-019,Architecture,sha256:3820ac6dbc75d5ba683aa8a7c4f296e0a74945890ed0f5c469ab3d9c1fd52ad9,docs/adr/0011-establish-memory-accounting-and-allocation-boundaries.md,Included,Project owner,Satisfies,PROCESS-ARCHITECTURE-CLAIM-002,Accepted memory-accounting architecture decision.
73,BART-ARC-020,Architecture,sha256:68555fe0053b35c729ac95cdfeb62b6c9eb35e6bf2e2644cafd095d71ab5479c,docs/architecture/0011-memory-accounting-and-allocation.md,Included,Project owner,Satisfies,PROCESS-ARCHITECTURE-CLAIM-002,Accepted detailed memory-accounting architecture specification.
74,BART-ARC-021,Architecture,sha256:2259647927fbd71a21cac0a052c70fd682e1a1acaf08b9c7568adf2d9061ebbf,docs/adr/0012-establish-runtime-resource-and-role-pack-architecture.md,Included,Project owner,Satisfies,PROCESS-ARCHITECTURE-CLAIM-002,Accepted runtime-resource and role-pack architecture decision.
75,BART-VER-023,Verification,sha256:d7dda0b1b91da87a15cc7a5f08441b4e8c43ff6fb00aeafa1ae2d9961ccf66dc,scripts/validate-cpp-style.sh,Included,Implementation team,Satisfies,CONSTRAINT-CPP-FORMAT-001;CONSTRAINT-CPP-LINT-001;CONSTRAINT-CPP-TOOLCHAIN-001;PROCESS-CPP-STYLE-EXCEPTION-001;PROCESS-CPP-STYLE-GATE-001,Executable changed-file C++ format and lint gate.
76,BART-ARC-022,Architecture,sha256:393023bfb57e175c4b8ec149e2935f63feb11de72b77c63ba620f970bf995e93,docs/architecture/0012-runtime-resource-and-role-pack-architecture.md,Included,Project owner,Satisfies,PROCESS-ARCHITECTURE-CLAIM-002,Accepted detailed runtime-resource and role-pack architecture specification governing AC-RESOURCE-001 through AC-RESOURCE-010.
77,BART-ARC-023,Architecture,sha256:e3be58fa165046a82b7d25325d7c93a4233fb5d65033d289ce3c235d3cb35498,docs/architecture/training-simulation-runtime-resource-type-inventory.md,Included,Project owner,Satisfies,REQ-CONTENT-PACK-ROLE-001;REQ-CONTENT-VERSION-002;REQ-CONTENT-ACTIVATION-001,Candidate closed Runtime Resource type population with zero admitted rows until exact schema and evidence gates close.
78,BART-ARC-024,Architecture,sha256:dcaf9f78c1e46dc859e56c92ca74f938eea84da69e7434e2d11ed1aca36c0401,docs/architecture/software-architecture-description.md,Included,Project owner,Satisfies,PROCESS-ARCHITECTURE-DESCRIPTION-001;PROCESS-ARCHITECTURE-UPDATE-001,Canonical linked realization of the nine Software Architecture Description views selected by ARCHSPEC-0010.
79,BART-ARC-025,Architecture,sha256:1e3fbdb7636af3adb78c1ff78081f0c94bc4d378f3e320f16a505ba7376762ab,docs/adr/0013-separate-offline-content-cooking-from-runtime-lifecycle.md,Included,Project owner,Satisfies,REQ-CONTENT-COOKER-TOOL-001,Accepted decision separating finite offline cooking from runtime lifecycle.
80,BART-ARC-026,Architecture,sha256:76ee2c0f7ab1af043fdecb6a6e1c9581cc01f482007dbe0977ed2f013accb497,docs/architecture/0013-offline-content-cooker-tool.md,Included,Project owner,Satisfies,REQ-CONTENT-COOKER-TOOL-001;REQ-COOKING-JOB-SPECIFICATION-001;REQ-COOKING-JOB-PROVENANCE-001;REQ-CONTENT-PAIR-ATOMIC-001,Accepted offline Content Cooker Tool architecture governing AC-TOOLING-001 through AC-TOOLING-005.
81,BART-DES-014,Design,sha256:aa83c794d62bbf85fd432e50a005c32c010d2605f92f48ce33065bbec3028b87,docs/design/training-simulation-software-design-baseline.md,Included,Project owner,Satisfies,PROCESS-SOFTWARE-DESIGN-BASELINE-001;PROCESS-SOFTWARE-DESIGN-STATE-001;PROCESS-SOFTWARE-DESIGN-APPROVAL-001,Candidate SDB-002 package control with inverse trace rationale risk and acceptance boundary.
82,BART-DES-015,Design,sha256:4a544e3c5eddd88fb8e7c942d9d3d9315dd72fba78e4889261578231b8bbd8df,docs/design/training-simulation-design-commitments.csv,Included,Project owner,Satisfies,PROCESS-SOFTWARE-DESIGN-COMMITMENT-001;PROCESS-SOFTWARE-DESIGN-STATE-001;PROCESS-SOFTWARE-DESIGN-TRACE-001,Candidate SDB-002 Design Commitment state trace and acceptance-criterion register.
83,BART-DES-016,Design,sha256:3a2e749510cd77e3bde780b8a267cc50c37415433fbdb9b33b1c08f458c75683,docs/design/0001-process-control-contract.md,Included,Runtime composition,Satisfies,REQ-RUNTIME-LAUNCH-SPECIFICATION-001;REQ-RUNTIME-LAUNCH-SPECIFICATION-002;REQ-RUNTIME-READINESS-001;REQ-RUNTIME-EXTERNAL-LIFECYCLE-001;REQ-RUNTIME-CONTROL-LOSS-001,Candidate exact Process Control bootstrap launch codec startup and acceptance design.
84,BART-DES-017,Design,sha256:d3f2d073e08fbc6e96963b65bedb6be5bcdee9c2e23764d42801cc3873a728d8,docs/design/0002-session-authority-runtime.md,Included,Session Authority composition,Satisfies,REQ-RUNTIME-LAUNCH-SPECIFICATION-001;REQ-RUNTIME-LAUNCH-SPECIFICATION-002;REQ-RUNTIME-READINESS-001;REQ-AUTHORITY-SINGLE-SESSION-001;REQ-AUTHORITY-TERMINAL-SETTLEMENT-001;REQ-AUTHORITY-TERMINAL-SHUTDOWN-001;REQ-STATE-CONSISTENCY-001,Candidate Authority interface endpoint ordering terminal and acceptance design.
85,BART-DES-018,Design,sha256:62b1b7d52822e8db2ecde1c71a8c17d9751d0a8c4a63d56bfbdf98c3f9586f7c,docs/design/0003-trainee-client-runtime.md,Included,Trainee Client composition,Satisfies,REQ-RUNTIME-LAUNCH-SPECIFICATION-001;REQ-RUNTIME-LAUNCH-SPECIFICATION-002;REQ-SESSION-CONNECTION-001;REQ-CLIENT-RECONNECT-001;REQ-ADMISSION-FAILURE-001;REQ-VOLUNTARY-LEAVE-CONFIRMATION-001;REQ-RUNTIME-CONTROL-LOSS-001,Candidate exact Client lifecycle connection departure and acceptance design.
86,BART-DES-019,Design,sha256:34306a0e48cb7e6d295c27873c186502a1a28dac6261c8bc98d8d51ee5cc2c06,docs/design/0004-content-cooker-tool.md,Included,Content Cooker Tool,Satisfies,REQ-CONTENT-COOKER-TOOL-001;REQ-COOKING-JOB-SPECIFICATION-001;REQ-COOKING-JOB-PROVENANCE-001;REQ-CONTENT-PROCESSING-001;REQ-CONTENT-RELEASE-001;REQ-CONTENT-PAIR-ATOMIC-001;REQ-CONTENT-SIGNING-001,Candidate exact offline cooking codec publisher recovery and acceptance design.
