sequence,case_identifier,case_class,start_node_identifier,target_node_identifier,injected_condition,expected_disposition,expected_path_count,rule_basis
1,EDI-CASE-DIRECT-001,Direct,BART-VER-018,BART-VER-022,None,Affected — reverification required,1,Direct input-to relation reaches the validator.
2,EDI-CASE-TRANSITIVE-001,Transitive,PROCESS-EVIDENCE-DEPENDENCY-001,EDI-EVID-001,None,Affected — reverification required,4,Requirement reaches registered inventory artifacts then validator then evidence.
3,EDI-CASE-MULTIPLE-001,Multiple Path,BART-ARC-018,EDI-VIEW-008,None,Affected — reverification required,2,ARCHSPEC-0010 reaches the verification view directly and through mapped Architecture Claims.
4,EDI-CASE-ABSENT-001,Absent Path,EDI-PC-010,EDI-EVID-001,None,Unaffected — no approved path,0,No path from Presentation to inventory validation evidence.
5,EDI-CASE-STALE-001,Stale,BART-VER-008,EDI-EVID-001,Source exact version differs from BARTINV-005,Affected — reverification required,uncertain,Stale dependency information cannot support Unaffected.
6,EDI-CASE-UNCLASSIFIED-001,Unclassified,BART-VER-008,EDI-EVID-001,Relation type is empty,Affected — reverification required,uncertain,Unclassified dependency information cannot support Unaffected.
7,EDI-CASE-UNCERTAIN-001,Uncertain,BART-VER-008,EDI-EVID-001,Known validator input relation is removed,Affected — reverification required,0,Uncertainty about affected-set membership requires rerun even after traversal finds no remaining path.
8,EDI-CASE-INVARIANCE-001,Obligation Invariance,BART-VER-008,EDI-EVID-001,Reproducible analysis retains exact obligation-level criterion and Pass,Unaffected — owner approval required,1,A path may be overridden only by reproducible obligation-level invariance and approval.
9,EDI-CASE-SUCCESSOR-001,Inventory Successor,BART-VER-018,EDI-EVID-002,Retained analysis names predecessor EDI-002,Affected — re-evaluation required,uncertain,Every predecessor-bound retained analysis must be re-evaluated.
10,EDI-CASE-TRANSITIVE-002,Transitive,REQ-AUTONOMOUS-ROLE-001,EDI-DATA-006,None,Affected — reverification required,1,An Autonomous Participant requirement reaches its governed Design artifact then the assignment source set generator and normalized output.
